<?xml version="1.0" encoding="UTF-8"?>
<!DOCTYPE mapper PUBLIC "-//mybatis.org//DTD Mapper 3.0//EN" "http://mybatis.org/dtd/mybatis-3-mapper.dtd">
<mapper namespace="org.bianjinling.intelligentTravel.mapper.TravelNoteMapper">
  <resultMap id="BaseResultMap" type="org.bianjinling.intelligentTravel.entity.TravelNote">
    <id column="n_note_id" jdbcType="INTEGER" property="nNoteId" />
    <result column="c_title" jdbcType="VARCHAR" property="cTitle" />
    <result column="c_content" jdbcType="VARCHAR" property="cContent" />
    <result column="autor" jdbcType="VARCHAR" property="autor" />
    <result column="rating" jdbcType="INTEGER" property="rating" />
    <result column="img" jdbcType="VARCHAR" property="img" />
  </resultMap>
  <resultMap extends="BaseResultMap" id="ResultMapWithBLOBs" type="org.bianjinling.intelligentTravel.entity.TravelNote">
    <result column="c_text" jdbcType="LONGVARCHAR" property="cText" />
    <result column="n_id" jdbcType="INTEGER" property="collectId" />
  </resultMap>
  <sql id="Base_Column_List">
    n_note_id, c_title, c_content, autor, rating, img
  </sql>
  <sql id="Blob_Column_List">
    c_text
  </sql>
    <select id="selectOrderByRating" parameterType="java.lang.Integer" resultMap="ResultMapWithBLOBs">
    select 
    <include refid="Base_Column_List" />
    ,
    <include refid="Blob_Column_List" />
    from t_travel_note
    order by rating desc
  </select>
  <select id="selectByPrimaryKey" resultMap="ResultMapWithBLOBs">
    select 
    note.n_note_id,
    note.c_title,
    note.c_content,
    note.autor,
    note.rating,
    note.img,
    note.c_text,
    collect.n_id
    from t_travel_note note  
    left join t_collect collect on (collect.n_note_id = note.n_note_id 
    and collect.n_user_id = #{userId,jdbcType=INTEGER})
    
    where note.n_note_id = #{nNoteId,jdbcType=INTEGER}
  </select>
  <delete id="deleteByPrimaryKey" parameterType="java.lang.Integer">
    delete from t_travel_note
    where n_note_id = #{nNoteId,jdbcType=INTEGER}
  </delete>
  <insert id="insert" parameterType="org.bianjinling.intelligentTravel.entity.TravelNote">
    insert into t_travel_note (n_note_id, c_title, c_content, 
      autor, rating, img, 
      c_text)
    values (#{nNoteId,jdbcType=INTEGER}, #{cTitle,jdbcType=VARCHAR}, #{cContent,jdbcType=VARCHAR}, 
      #{autor,jdbcType=VARCHAR}, 0, #{img,jdbcType=VARCHAR}, 
      #{cText,jdbcType=LONGVARCHAR})
  </insert>
  <insert id="insertSelective" parameterType="org.bianjinling.intelligentTravel.entity.TravelNote">
    insert into t_travel_note
    <trim prefix="(" suffix=")" suffixOverrides=",">
      <if test="nNoteId != null">
        n_note_id,
      </if>
      <if test="cTitle != null">
        c_title,
      </if>
      <if test="cContent != null">
        c_content,
      </if>
      <if test="autor != null">
        autor,
      </if>
      <if test="rating != null">
        rating,
      </if>
      <if test="img != null">
        img,
      </if>
      <if test="cText != null">
        c_text,
      </if>
    </trim>
    <trim prefix="values (" suffix=")" suffixOverrides=",">
      <if test="nNoteId != null">
        #{nNoteId,jdbcType=INTEGER},
      </if>
      <if test="cTitle != null">
        #{cTitle,jdbcType=VARCHAR},
      </if>
      <if test="cContent != null">
        #{cContent,jdbcType=VARCHAR},
      </if>
      <if test="autor != null">
        #{autor,jdbcType=VARCHAR},
      </if>
      <if test="rating != null">
        #{rating,jdbcType=VARCHAR},
      </if>
      <if test="img != null">
        #{img,jdbcType=VARCHAR},
      </if>
      <if test="cText != null">
        #{cText,jdbcType=LONGVARCHAR},
      </if>
    </trim>
  </insert>
  <update id="updateByPrimaryKeySelective" parameterType="org.bianjinling.intelligentTravel.entity.TravelNote">
    update t_travel_note
    <set>
      <if test="cTitle != null">
        c_title = #{cTitle,jdbcType=VARCHAR},
      </if>
      <if test="cContent != null">
        c_content = #{cContent,jdbcType=VARCHAR},
      </if>
      <if test="autor != null">
        autor = #{autor,jdbcType=VARCHAR},
      </if>
      <if test="rating != null">
        rating = #{rating,jdbcType=VARCHAR},
      </if>
      <if test="img != null">
        img = #{img,jdbcType=VARCHAR},
      </if>
      <if test="cText != null">
        c_text = #{cText,jdbcType=LONGVARCHAR},
      </if>
    </set>
    where n_note_id = #{nNoteId,jdbcType=INTEGER}
  </update>
  <update id="updateByPrimaryKeyWithBLOBs" parameterType="org.bianjinling.intelligentTravel.entity.TravelNote">
    update t_travel_note
    set c_title = #{cTitle,jdbcType=VARCHAR},
      c_content = #{cContent,jdbcType=VARCHAR},
      autor = #{autor,jdbcType=VARCHAR},
      rating = #{rating,jdbcType=VARCHAR},
      img = #{img,jdbcType=VARCHAR},
      c_text = #{cText,jdbcType=LONGVARCHAR}
    where n_note_id = #{nNoteId,jdbcType=INTEGER}
  </update>
  <update id="updateByPrimaryKey" parameterType="org.bianjinling.intelligentTravel.entity.TravelNote">
    update t_travel_note
    set c_title = #{cTitle,jdbcType=VARCHAR},
      c_content = #{cContent,jdbcType=VARCHAR},
      autor = #{autor,jdbcType=VARCHAR},
      rating = #{rating,jdbcType=VARCHAR},
      img = #{img,jdbcType=VARCHAR}
    where n_note_id = #{nNoteId,jdbcType=INTEGER}
  </update>
</mapper>