<?xml version="1.0" encoding="UTF-8"?>
<!DOCTYPE mapper PUBLIC "-//mybatis.org//DTD Mapper 3.0//EN" "http://mybatis.org/dtd/mybatis-3-mapper.dtd">
<mapper namespace="com.music.dao.NoteMapper">
  <resultMap id="BaseResultMap" type="com.music.entities.Note">
    <result column="id" jdbcType="INTEGER" property="id" />
    <result column="content" jdbcType="VARCHAR" property="content" />
    <result column="update_time" jdbcType="TIMESTAMP" property="updateTime" />
    <result column="title" jdbcType="VARCHAR" property="title" />
    <result column="author" jdbcType="VARCHAR" property="author" />
    <result column="icon" jdbcType="VARCHAR" property="icon" />
    <result column="type" jdbcType="INTEGER" property="type" />
    <result column="status" jdbcType="INTEGER" property="status" />
    <result column="create_time" jdbcType="TIMESTAMP" property="createTime" />
    <result column="grap_type" jdbcType="INTEGER" property="grapType" />
    <result column="brief" jdbcType="VARCHAR" property="brief" />
  </resultMap>
  <sql id="Example_Where_Clause">
    <where>
      <foreach collection="oredCriteria" item="criteria" separator="or">
        <if test="criteria.valid">
          <trim prefix="(" prefixOverrides="and" suffix=")">
            <foreach collection="criteria.criteria" item="criterion">
              <choose>
                <when test="criterion.noValue">
                  and ${criterion.condition}
                </when>
                <when test="criterion.singleValue">
                  and ${criterion.condition} #{criterion.value}
                </when>
                <when test="criterion.betweenValue">
                  and ${criterion.condition} #{criterion.value} and #{criterion.secondValue}
                </when>
                <when test="criterion.listValue">
                  and ${criterion.condition}
                  <foreach close=")" collection="criterion.value" item="listItem" open="(" separator=",">
                    #{listItem}
                  </foreach>
                </when>
              </choose>
            </foreach>
          </trim>
        </if>
      </foreach>
    </where>
  </sql>
  <sql id="Update_By_Example_Where_Clause">
    <where>
      <foreach collection="example.oredCriteria" item="criteria" separator="or">
        <if test="criteria.valid">
          <trim prefix="(" prefixOverrides="and" suffix=")">
            <foreach collection="criteria.criteria" item="criterion">
              <choose>
                <when test="criterion.noValue">
                  and ${criterion.condition}
                </when>
                <when test="criterion.singleValue">
                  and ${criterion.condition} #{criterion.value}
                </when>
                <when test="criterion.betweenValue">
                  and ${criterion.condition} #{criterion.value} and #{criterion.secondValue}
                </when>
                <when test="criterion.listValue">
                  and ${criterion.condition}
                  <foreach close=")" collection="criterion.value" item="listItem" open="(" separator=",">
                    #{listItem}
                  </foreach>
                </when>
              </choose>
            </foreach>
          </trim>
        </if>
      </foreach>
    </where>
  </sql>
  <sql id="Base_Column_List">
    id, content, update_time, title, author, icon, type, status, create_time, grap_type, 
    brief
  </sql>
  <select id="selectByExample" parameterType="com.music.entities.NoteExample" resultMap="BaseResultMap">
    select
    <if test="distinct">
      distinct
    </if>
    <include refid="Base_Column_List" />
    from note
    <if test="_parameter != null">
      <include refid="Example_Where_Clause" />
    </if>
    <if test="orderByClause != null">
      order by ${orderByClause}
    </if>
  </select>
  <delete id="deleteByExample" parameterType="com.music.entities.NoteExample">
    delete from note
    <if test="_parameter != null">
      <include refid="Example_Where_Clause" />
    </if>
  </delete>
  <insert id="insert" parameterType="com.music.entities.Note">
    insert into note (id, content, update_time, 
      title, author, icon, 
      type, status, create_time, 
      grap_type, brief)
    values (#{id,jdbcType=INTEGER}, #{content,jdbcType=VARCHAR}, #{updateTime,jdbcType=TIMESTAMP}, 
      #{title,jdbcType=VARCHAR}, #{author,jdbcType=VARCHAR}, #{icon,jdbcType=VARCHAR}, 
      #{type,jdbcType=INTEGER}, #{status,jdbcType=INTEGER}, #{createTime,jdbcType=TIMESTAMP}, 
      #{grapType,jdbcType=INTEGER}, #{brief,jdbcType=VARCHAR})
  </insert>
  <insert id="insertSelective" parameterType="com.music.entities.Note">
    insert into note
    <trim prefix="(" suffix=")" suffixOverrides=",">
      <if test="id != null">
        id,
      </if>
      <if test="content != null">
        content,
      </if>
      <if test="updateTime != null">
        update_time,
      </if>
      <if test="title != null">
        title,
      </if>
      <if test="author != null">
        author,
      </if>
      <if test="icon != null">
        icon,
      </if>
      <if test="type != null">
        type,
      </if>
      <if test="status != null">
        status,
      </if>
      <if test="createTime != null">
        create_time,
      </if>
      <if test="grapType != null">
        grap_type,
      </if>
      <if test="brief != null">
        brief,
      </if>
    </trim>
    <trim prefix="values (" suffix=")" suffixOverrides=",">
      <if test="id != null">
        #{id,jdbcType=INTEGER},
      </if>
      <if test="content != null">
        #{content,jdbcType=VARCHAR},
      </if>
      <if test="updateTime != null">
        #{updateTime,jdbcType=TIMESTAMP},
      </if>
      <if test="title != null">
        #{title,jdbcType=VARCHAR},
      </if>
      <if test="author != null">
        #{author,jdbcType=VARCHAR},
      </if>
      <if test="icon != null">
        #{icon,jdbcType=VARCHAR},
      </if>
      <if test="type != null">
        #{type,jdbcType=INTEGER},
      </if>
      <if test="status != null">
        #{status,jdbcType=INTEGER},
      </if>
      <if test="createTime != null">
        #{createTime,jdbcType=TIMESTAMP},
      </if>
      <if test="grapType != null">
        #{grapType,jdbcType=INTEGER},
      </if>
      <if test="brief != null">
        #{brief,jdbcType=VARCHAR},
      </if>
    </trim>
  </insert>
  <select id="countByExample" parameterType="com.music.entities.NoteExample" resultType="java.lang.Long">
    select count(*) from note
    <if test="_parameter != null">
      <include refid="Example_Where_Clause" />
    </if>
  </select>
  <update id="updateByExampleSelective" parameterType="map">
    update note
    <set>
      <if test="record.id != null">
        id = #{record.id,jdbcType=INTEGER},
      </if>
      <if test="record.content != null">
        content = #{record.content,jdbcType=VARCHAR},
      </if>
      <if test="record.updateTime != null">
        update_time = #{record.updateTime,jdbcType=TIMESTAMP},
      </if>
      <if test="record.title != null">
        title = #{record.title,jdbcType=VARCHAR},
      </if>
      <if test="record.author != null">
        author = #{record.author,jdbcType=VARCHAR},
      </if>
      <if test="record.icon != null">
        icon = #{record.icon,jdbcType=VARCHAR},
      </if>
      <if test="record.type != null">
        type = #{record.type,jdbcType=INTEGER},
      </if>
      <if test="record.status != null">
        status = #{record.status,jdbcType=INTEGER},
      </if>
      <if test="record.createTime != null">
        create_time = #{record.createTime,jdbcType=TIMESTAMP},
      </if>
      <if test="record.grapType != null">
        grap_type = #{record.grapType,jdbcType=INTEGER},
      </if>
      <if test="record.brief != null">
        brief = #{record.brief,jdbcType=VARCHAR},
      </if>
    </set>
    <if test="_parameter != null">
      <include refid="Update_By_Example_Where_Clause" />
    </if>
  </update>
  <update id="updateByExample" parameterType="map">
    update note
    set id = #{record.id,jdbcType=INTEGER},
      content = #{record.content,jdbcType=VARCHAR},
      update_time = #{record.updateTime,jdbcType=TIMESTAMP},
      title = #{record.title,jdbcType=VARCHAR},
      author = #{record.author,jdbcType=VARCHAR},
      icon = #{record.icon,jdbcType=VARCHAR},
      type = #{record.type,jdbcType=INTEGER},
      status = #{record.status,jdbcType=INTEGER},
      create_time = #{record.createTime,jdbcType=TIMESTAMP},
      grap_type = #{record.grapType,jdbcType=INTEGER},
      brief = #{record.brief,jdbcType=VARCHAR}
    <if test="_parameter != null">
      <include refid="Update_By_Example_Where_Clause" />
    </if>
  </update>
</mapper>