<?xml version="1.0" encoding="UTF-8"?>
<!DOCTYPE mapper PUBLIC "-//mybatis.org//DTD Mapper 3.0//EN" "http://mybatis.org/dtd/mybatis-3-mapper.dtd">
<mapper namespace="com.music.dao.VideoMapper">
  <resultMap id="BaseResultMap" type="com.music.entities.Video">
    <result column="id" jdbcType="INTEGER" property="id" />
    <result column="author" jdbcType="VARCHAR" property="author" />
    <result column="url" jdbcType="VARCHAR" property="url" />
    <result column="update_time" jdbcType="TIMESTAMP" property="updateTime" />
    <result column="type_id" jdbcType="INTEGER" property="typeId" />
    <result column="title" jdbcType="VARCHAR" property="title" />
    <result column="play_times" jdbcType="INTEGER" property="playTimes" />
    <result column="png" jdbcType="VARCHAR" property="png" />
  </resultMap>
  <sql id="Example_Where_Clause">
    <where>
      <foreach collection="oredCriteria" item="criteria" separator="or">
        <if test="criteria.valid">
          <trim prefix="(" prefixOverrides="and" suffix=")">
            <foreach collection="criteria.criteria" item="criterion">
              <choose>
                <when test="criterion.noValue">
                  and ${criterion.condition}
                </when>
                <when test="criterion.singleValue">
                  and ${criterion.condition} #{criterion.value}
                </when>
                <when test="criterion.betweenValue">
                  and ${criterion.condition} #{criterion.value} and #{criterion.secondValue}
                </when>
                <when test="criterion.listValue">
                  and ${criterion.condition}
                  <foreach close=")" collection="criterion.value" item="listItem" open="(" separator=",">
                    #{listItem}
                  </foreach>
                </when>
              </choose>
            </foreach>
          </trim>
        </if>
      </foreach>
    </where>
  </sql>
  <sql id="Update_By_Example_Where_Clause">
    <where>
      <foreach collection="example.oredCriteria" item="criteria" separator="or">
        <if test="criteria.valid">
          <trim prefix="(" prefixOverrides="and" suffix=")">
            <foreach collection="criteria.criteria" item="criterion">
              <choose>
                <when test="criterion.noValue">
                  and ${criterion.condition}
                </when>
                <when test="criterion.singleValue">
                  and ${criterion.condition} #{criterion.value}
                </when>
                <when test="criterion.betweenValue">
                  and ${criterion.condition} #{criterion.value} and #{criterion.secondValue}
                </when>
                <when test="criterion.listValue">
                  and ${criterion.condition}
                  <foreach close=")" collection="criterion.value" item="listItem" open="(" separator=",">
                    #{listItem}
                  </foreach>
                </when>
              </choose>
            </foreach>
          </trim>
        </if>
      </foreach>
    </where>
  </sql>
  <sql id="Base_Column_List">
    id, author, url, update_time, type_id, title, play_times, png
  </sql>
  <select id="selectByExample" parameterType="com.music.entities.VideoExample" resultMap="BaseResultMap">
    select
    <if test="distinct">
      distinct
    </if>
    <include refid="Base_Column_List" />
    from video
    <if test="_parameter != null">
      <include refid="Example_Where_Clause" />
    </if>
    <if test="orderByClause != null">
      order by ${orderByClause}
    </if>
  </select>
  <delete id="deleteByExample" parameterType="com.music.entities.VideoExample">
    delete from video
    <if test="_parameter != null">
      <include refid="Example_Where_Clause" />
    </if>
  </delete>
  <insert id="insert" parameterType="com.music.entities.Video">
    insert into video (id, author, url, 
      update_time, type_id, title, 
      play_times, png)
    values (#{id,jdbcType=INTEGER}, #{author,jdbcType=VARCHAR}, #{url,jdbcType=VARCHAR}, 
      #{updateTime,jdbcType=TIMESTAMP}, #{typeId,jdbcType=INTEGER}, #{title,jdbcType=VARCHAR}, 
      #{playTimes,jdbcType=INTEGER}, #{png,jdbcType=VARCHAR})
  </insert>
  <insert id="insertSelective" parameterType="com.music.entities.Video">
    insert into video
    <trim prefix="(" suffix=")" suffixOverrides=",">
      <if test="id != null">
        id,
      </if>
      <if test="author != null">
        author,
      </if>
      <if test="url != null">
        url,
      </if>
      <if test="updateTime != null">
        update_time,
      </if>
      <if test="typeId != null">
        type_id,
      </if>
      <if test="title != null">
        title,
      </if>
      <if test="playTimes != null">
        play_times,
      </if>
      <if test="png != null">
        png,
      </if>
    </trim>
    <trim prefix="values (" suffix=")" suffixOverrides=",">
      <if test="id != null">
        #{id,jdbcType=INTEGER},
      </if>
      <if test="author != null">
        #{author,jdbcType=VARCHAR},
      </if>
      <if test="url != null">
        #{url,jdbcType=VARCHAR},
      </if>
      <if test="updateTime != null">
        #{updateTime,jdbcType=TIMESTAMP},
      </if>
      <if test="typeId != null">
        #{typeId,jdbcType=INTEGER},
      </if>
      <if test="title != null">
        #{title,jdbcType=VARCHAR},
      </if>
      <if test="playTimes != null">
        #{playTimes,jdbcType=INTEGER},
      </if>
      <if test="png != null">
        #{png,jdbcType=VARCHAR},
      </if>
    </trim>
  </insert>
  <select id="countByExample" parameterType="com.music.entities.VideoExample" resultType="java.lang.Long">
    select count(*) from video
    <if test="_parameter != null">
      <include refid="Example_Where_Clause" />
    </if>
  </select>
  <update id="updateByExampleSelective" parameterType="map">
    update video
    <set>
      <if test="record.id != null">
        id = #{record.id,jdbcType=INTEGER},
      </if>
      <if test="record.author != null">
        author = #{record.author,jdbcType=VARCHAR},
      </if>
      <if test="record.url != null">
        url = #{record.url,jdbcType=VARCHAR},
      </if>
      <if test="record.updateTime != null">
        update_time = #{record.updateTime,jdbcType=TIMESTAMP},
      </if>
      <if test="record.typeId != null">
        type_id = #{record.typeId,jdbcType=INTEGER},
      </if>
      <if test="record.title != null">
        title = #{record.title,jdbcType=VARCHAR},
      </if>
      <if test="record.playTimes != null">
        play_times = #{record.playTimes,jdbcType=INTEGER},
      </if>
      <if test="record.png != null">
        png = #{record.png,jdbcType=VARCHAR},
      </if>
    </set>
    <if test="_parameter != null">
      <include refid="Update_By_Example_Where_Clause" />
    </if>
  </update>
  <update id="updateByExample" parameterType="map">
    update video
    set id = #{record.id,jdbcType=INTEGER},
      author = #{record.author,jdbcType=VARCHAR},
      url = #{record.url,jdbcType=VARCHAR},
      update_time = #{record.updateTime,jdbcType=TIMESTAMP},
      type_id = #{record.typeId,jdbcType=INTEGER},
      title = #{record.title,jdbcType=VARCHAR},
      play_times = #{record.playTimes,jdbcType=INTEGER},
      png = #{record.png,jdbcType=VARCHAR}
    <if test="_parameter != null">
      <include refid="Update_By_Example_Where_Clause" />
    </if>
  </update>
</mapper>