<?xml version="1.0" encoding="UTF-8"?>
<!DOCTYPE mapper PUBLIC "-//mybatis.org//DTD Mapper 3.0//EN" "http://mybatis.org/dtd/mybatis-3-mapper.dtd">
<mapper namespace="org.bianjinling.intelligentTravel.mapper.AttractionMapper">
  <resultMap id="BaseResultMap" type="org.bianjinling.intelligentTravel.entity.Attraction">
    <id column="n_id" jdbcType="INTEGER" property="nId" />
    <result column="c_name" jdbcType="VARCHAR" property="cName" />
    <result column="c_discription" jdbcType="VARCHAR" property="cDiscription" />
    <result column="c_img" jdbcType="VARCHAR" property="cImg" />
    <result column="d_price" jdbcType="DOUBLE" property="dPrice" />
    <result column="n_rating" jdbcType="INTEGER" property="nRating" />
    <result column="n_type" jdbcType="INTEGER" property="nType" />
    <result column="c_city" jdbcType="VARCHAR" property="cCity" />
    <result column="c_play_time" jdbcType="VARCHAR" property="cPlayTime" />
    <result column="c_travel" jdbcType="VARCHAR" property="cTravel" />
    <result column="c_open_time" jdbcType="VARCHAR" property="cOpenTime" />
    <result column="c_tel" jdbcType="VARCHAR" property="cTel" />
    <result column="collect_id" jdbcType="INTEGER" property="collectId" />
  </resultMap>
  <sql id="Base_Column_List">
    n_id, c_name, c_discription, c_img, d_price, n_rating, n_type, c_city,c_play_time,c_travel,c_open_time,c_tel
  </sql>
  <select id="selectOrderByRating" resultMap="BaseResultMap">
    select 
    <include refid="Base_Column_List" />
    from t_attraction
    order by n_rating DESC
  </select>
  <select id="selectByPrimaryKey" parameterType="java.lang.Integer" resultMap="BaseResultMap">
    select 
    t_attraction.n_id, t_attraction.c_name, t_attraction.c_discription, t_attraction.c_img, 
    t_attraction.d_price, t_attraction.n_rating, t_attraction.n_type, 
    t_attraction.c_city,t_attraction.c_play_time,t_attraction.c_travel,
    t_attraction.c_open_time,t_attraction.c_tel,
    collect.n_id collect_id
    from t_attraction
    
    left join t_collect collect on (collect.n_attr_id = t_attraction.n_id 
    and collect.n_user_id = #{userId,jdbcType=INTEGER})
    
    where t_attraction.n_id = #{nId,jdbcType=INTEGER}
  </select>
  
  <select id="getAttrByCitys" parameterType="java.lang.String" resultMap="BaseResultMap">
    select 
    t_attraction.n_id, t_attraction.c_name, t_attraction.c_discription, t_attraction.c_img, 
    t_attraction.d_price, t_attraction.n_rating, t_attraction.n_type, 
    t_attraction.c_city,t_attraction.c_play_time,t_attraction.c_travel,
    t_attraction.c_open_time,t_attraction.c_tel
    from t_attraction   
    where t_attraction.c_city = #{city,jdbcType=VARCHAR}
    limit 5
  </select>
  
  
  <delete id="deleteByPrimaryKey" parameterType="java.lang.Integer">
    delete from t_attraction
    where n_id = #{nId,jdbcType=INTEGER}
  </delete>
  <insert id="insert" parameterType="org.bianjinling.intelligentTravel.entity.Attraction">
    insert into t_attraction (n_id, c_name, c_discription, 
      c_img, d_price, n_rating, 
      n_type, c_city)
    values (#{nId,jdbcType=INTEGER}, #{cName,jdbcType=VARCHAR}, #{cDiscription,jdbcType=VARCHAR}, 
      #{cImg,jdbcType=VARCHAR}, #{dPrice,jdbcType=DOUBLE}, #{nRating,jdbcType=CHAR}, 
      #{nType,jdbcType=INTEGER}, #{cCity,jdbcType=VARCHAR})
  </insert>
  <insert id="insertSelective" parameterType="org.bianjinling.intelligentTravel.entity.Attraction">
    insert into t_attraction
    <trim prefix="(" suffix=")" suffixOverrides=",">
      <if test="nId != null">
        n_id,
      </if>
      <if test="cName != null">
        c_name,
      </if>
      <if test="cDiscription != null">
        c_discription,
      </if>
      <if test="cImg != null">
        c_img,
      </if>
      <if test="dPrice != null">
        d_price,
      </if>
      <if test="nRating != null">
        n_rating,
      </if>
      <if test="nType != null">
        n_type,
      </if>
      <if test="cCity != null">
        c_city,
      </if>
    </trim>
    <trim prefix="values (" suffix=")" suffixOverrides=",">
      <if test="nId != null">
        #{nId,jdbcType=INTEGER},
      </if>
      <if test="cName != null">
        #{cName,jdbcType=VARCHAR},
      </if>
      <if test="cDiscription != null">
        #{cDiscription,jdbcType=VARCHAR},
      </if>
      <if test="cImg != null">
        #{cImg,jdbcType=VARCHAR},
      </if>
      <if test="dPrice != null">
        #{dPrice,jdbcType=DOUBLE},
      </if>
      <if test="nRating != null">
        #{nRating,jdbcType=CHAR},
      </if>
      <if test="nType != null">
        #{nType,jdbcType=INTEGER},
      </if>
      <if test="cCity != null">
        #{cCity,jdbcType=VARCHAR},
      </if>
    </trim>
  </insert>
  <select id="getCitys"  resultMap="BaseResultMap">
  	SELECT c_city FROM t_attraction GROUP BY c_city
  </select>
  <update id="updateByPrimaryKeySelective" parameterType="org.bianjinling.intelligentTravel.entity.Attraction">
    update t_attraction
    <set>
      <if test="cName != null">
        c_name = #{cName,jdbcType=VARCHAR},
      </if>
      <if test="cDiscription != null">
        c_discription = #{cDiscription,jdbcType=VARCHAR},
      </if>
      <if test="cImg != null">
        c_img = #{cImg,jdbcType=VARCHAR},
      </if>
      <if test="dPrice != null">
        d_price = #{dPrice,jdbcType=DOUBLE},
      </if>
      <if test="nRating != null">
        n_rating = #{nRating,jdbcType=CHAR},
      </if>
      <if test="nType != null">
        n_type = #{nType,jdbcType=INTEGER},
      </if>
      <if test="cCity != null">
        c_city = #{cCity,jdbcType=VARCHAR},
      </if>
    </set>
    where n_id = #{nId,jdbcType=INTEGER}
  </update>
  <update id="updateByPrimaryKey" parameterType="org.bianjinling.intelligentTravel.entity.Attraction">
    update t_attraction
    set c_name = #{cName,jdbcType=VARCHAR},
      c_discription = #{cDiscription,jdbcType=VARCHAR},
      c_img = #{cImg,jdbcType=VARCHAR},
      d_price = #{dPrice,jdbcType=DOUBLE},
      n_rating = #{nRating,jdbcType=CHAR},
      n_type = #{nType,jdbcType=INTEGER},
      c_city = #{cCity,jdbcType=VARCHAR}
    where n_id = #{nId,jdbcType=INTEGER}
  </update>
</mapper>