<?xml version="1.0" encoding="UTF-8"?><!DOCTYPE mapper PUBLIC "-//mybatis.org//DTD Mapper 3.0//EN" "http://mybatis.org/dtd/mybatis-3-mapper.dtd">
<mapper namespace="org.bianjinling.intelligentTravel.mapper.CollectMapper">
  <resultMap id="BaseResultMap" type="org.bianjinling.intelligentTravel.entity.Collect">
    <id column="n_id" jdbcType="INTEGER" property="id" />
    <result column="n_note_id" jdbcType="INTEGER" property="noteId" />
    <result column="n_attr_id" jdbcType="INTEGER" property="attrId" />
    <result column="n_user_id" jdbcType="INTEGER" property="userId" />
    <result column="dt_createtime" jdbcType="VARCHAR" property="createTime" />
    <result column="title" jdbcType="VARCHAR" property="title" />
    <result column="discription" jdbcType="VARCHAR" property="discription" />
    <result column="img" jdbcType="VARCHAR" property="img" />
  </resultMap>
  
  <select id="getAllCollects" resultMap="BaseResultMap">
  SELECT t_collect.n_id,t_collect.n_note_id,t_collect.n_attr_id,t_collect.n_user_id,t_collect.dt_createtime,
	t_travel_note.c_title title,t_travel_note.c_content discription,t_travel_note.img img
	
	FROM t_collect JOIN t_travel_note ON t_collect.n_note_id = t_travel_note.n_note_id
	
	WHERE n_user_id = #{userId}
			
	UNION all
					
	SELECT t_collect.n_id,t_collect.n_note_id,t_collect.n_attr_id,t_collect.n_user_id,t_collect.dt_createtime,
	t_attraction.c_name title,t_attraction.c_discription discription,t_attraction.c_img img
	
	FROM t_collect JOIN t_attraction ON t_collect.n_attr_id = t_attraction.n_id
	
	WHERE n_user_id = #{userId}
  
  </select>
  <insert id="doCollect">
	  <if test="type==0">
	  	INSERT INTO t_collect(n_user_id,n_note_id,dt_createtime) VALUES (#{userId},#{collectId},now())
	  </if>
	  <if test="type==1">
  		INSERT INTO t_collect(n_user_id,n_attr_id,dt_createtime) VALUES (#{userId},#{collectId},now())
  	   </if>
  </insert>
  <delete id="deleteCollect">
  	delete from t_collect where n_id = #{collectId}
  </delete>
  <update id="addCollectNum">
  	UPDATE t_attraction SET n_rating=n_rating + '1' WHERE n_id = #{collectId}
  </update>
  <update id="reduceCollectNum">
  	UPDATE t_attraction SET n_rating=n_rating - '1' WHERE n_id = #{collectId}
  </update>
</mapper>