<?xml version="1.0" encoding="UTF-8"?>
<!DOCTYPE mapper PUBLIC "-//mybatis.org//DTD Mapper 3.0//EN" "http://mybatis.org/dtd/mybatis-3-mapper.dtd">
<mapper namespace="org.bianjinling.intelligentTravel.mapper.CommentMapper">
  <resultMap id="CommentMap" type="org.bianjinling.intelligentTravel.entity.Comment">
  	<result column="id" jdbcType="INTEGER" property="id" />
  	<result column="noteId" jdbcType="INTEGER" property="noteId" />
  	<result column="attrId" jdbcType="INTEGER" property="attrId" />
    <result column="content" jdbcType="VARCHAR" property="content" />
    <result column="userId" jdbcType="INTEGER" property="userId" />
    <result column="userName" jdbcType="VARCHAR" property="userName" />
    <result column="createTime" jdbcType="VARCHAR" property="createTime" />
    <result column="img" jdbcType="VARCHAR" property="img" />
  </resultMap>
   <select id="selectCommentById" parameterType="java.lang.Integer" resultMap="CommentMap">
    SELECT
    	t_comment.n_id id,
    	t_comment.n_note_id noteId,
    	t_comment.n_attr_id attrId,
		c_content content,
		t_user.n_id userId,
		c_name userName,
		case WHEN dt_updatetime is not null then dt_updatetime else dt_createtime END as createTime,
		c_img img
	FROM
		t_comment
	JOIN t_user ON t_comment.n_user_id = t_user.n_id
	<if test="type==0">
		WHERE n_note_id = #{commentId}
	</if>
	<if test="type==1">
		WHERE n_attr_id = #{commentId}
	</if>
	ORDER BY createTime desc
  </select>
  <insert id="addComment" parameterType="org.bianjinling.intelligentTravel.entity.Comment">
  	<if test="type==0">
		INSERT	INTO t_comment(n_id,n_note_id,n_attr_id,n_user_id,c_content,dt_createtime,dt_updatetime)
  		values(null,#{noteId},null,#{userId},#{content},now(),null)
	</if>
	<if test="type==1">
		INSERT	INTO t_comment(n_id,n_note_id,n_attr_id,n_user_id,c_content,dt_createtime,dt_updatetime)
  		values(null,null,#{attrId},#{userId},#{content},now(),null)
	</if>
  </insert>
  <delete id="delComment">
  		delete from t_comment where n_id = #{commentId}
  </delete>
</mapper>