<?xml version="1.0" encoding="UTF-8"?>
<!DOCTYPE mapper PUBLIC "-//mybatis.org//DTD Mapper 3.0//EN" "http://mybatis.org/dtd/mybatis-3-mapper.dtd">
<mapper namespace="org.bianjinling.intelligentTravel.mapper.UserMapper">
  <resultMap id="BaseResultMap" type="org.bianjinling.intelligentTravel.entity.User">
    <id column="n_id" jdbcType="INTEGER" property="nId" />
    <result column="c_login" jdbcType="VARCHAR" property="cLogin" />
    <result column="c_password" jdbcType="VARCHAR" property="cPassword" />
    <result column="c_name" jdbcType="VARCHAR" property="cName" />
  </resultMap>
  <sql id="Base_Column_List">
    n_id, c_login, c_password, c_name
  </sql>
  <select id="selectByPrimaryKey" parameterType="java.lang.Integer" resultMap="BaseResultMap">
    select 
    <include refid="Base_Column_List" />
    from t_user
    where n_id = #{nId,jdbcType=INTEGER}
  </select>
  <select id="getUserByLogin" parameterType="java.lang.String" resultMap="BaseResultMap">
    select 
    <include refid="Base_Column_List" />
    from t_user
    where c_login = #{login,jdbcType=VARCHAR}
  </select>
  <delete id="deleteByPrimaryKey" parameterType="java.lang.Integer">
    delete from t_user
    where n_id = #{nId,jdbcType=INTEGER}
  </delete>
  <insert id="insert" parameterType="org.bianjinling.intelligentTravel.entity.User">
    insert into t_user (n_id, c_login, c_password, 
      c_name)
    values (#{nId,jdbcType=INTEGER}, #{cLogin,jdbcType=VARCHAR}, #{cPassword,jdbcType=VARCHAR}, 
      #{cName,jdbcType=VARCHAR})
  </insert>
  <insert id="insertSelective" parameterType="org.bianjinling.intelligentTravel.entity.User">
    insert into t_user
    <trim prefix="(" suffix=")" suffixOverrides=",">
      <if test="nId != null">
        n_id,
      </if>
      <if test="cLogin != null">
        c_login,
      </if>
      <if test="cPassword != null">
        c_password,
      </if>
      <if test="cName != null">
        c_name,
      </if>
    </trim>
    <trim prefix="values (" suffix=")" suffixOverrides=",">
      <if test="nId != null">
        #{nId,jdbcType=INTEGER},
      </if>
      <if test="cLogin != null">
        #{cLogin,jdbcType=VARCHAR},
      </if>
      <if test="cPassword != null">
        #{cPassword,jdbcType=VARCHAR},
      </if>
      <if test="cName != null">
        #{cName,jdbcType=VARCHAR},
      </if>
    </trim>
  </insert>
  <update id="updateByPrimaryKeySelective" parameterType="org.bianjinling.intelligentTravel.entity.User">
    update t_user
    <set>
      <if test="cLogin != null">
        c_login = #{cLogin,jdbcType=VARCHAR},
      </if>
      <if test="cPassword != null">
        c_password = #{cPassword,jdbcType=VARCHAR},
      </if>
      <if test="cName != null">
        c_name = #{cName,jdbcType=VARCHAR},
      </if>
    </set>
    where n_id = #{nId,jdbcType=INTEGER}
  </update>
  <update id="updateByPrimaryKey" parameterType="org.bianjinling.intelligentTravel.entity.User">
    update t_user
    set c_login = #{cLogin,jdbcType=VARCHAR},
      c_password = #{cPassword,jdbcType=VARCHAR},
      c_name = #{cName,jdbcType=VARCHAR}
    where n_id = #{nId,jdbcType=INTEGER}
  </update>
</mapper>