{
	"description": "项目配置文件",
	"packOptions": {
		"ignore": []
	},
	"setting": {
		"urlCheck": false,
		"es6": true,
		"postcss": true,
		"minified": true,
		"newFeature": true,
		"autoAudits": false
	},
	"compileType": "miniprogram",
	"libVersion": "2.6.2",
	"appid": "wxf8580a2747e8ab39",
	"projectname": "%E5%A4%A9%E7%9C%BCmovie",
	"debugOptions": {
		"hidedInDevtools": []
	},
	"isGameTourist": false,
	"condition": {
		"search": {
			"current": -1,
			"list": []
		},
		"conversation": {
			"current": -1,
			"list": []
		},
		"plugin": {
			"current": -1,
			"list": []
		},
		"game": {
			"currentL": -1,
			"list": []
		},
		"miniprogram": {
			"current": 3,
			"list": [
				{
					"id": -1,
					"name": "详情",
					"pathName": "pages/movieItem/index",
					"query": "",
					"scene": null
				},
				{
					"id": -1,
					"name": "票房",
					"pathName": "pages/moviedata/index",
					"query": "",
					"scene": null
				},
				{
					"id": -1,
					"name": "我的",
					"pathName": "pages/profile/index",
					"query": "",
					"scene": null
				},
				{
					"id": -1,
					"name": "search",
					"pathName": "pages/search/index",
					"scene": null
				}
			]
		}
	}
}