<?xml version="1.0" encoding="UTF-8"?>
<!DOCTYPE mapper PUBLIC "-//mybatis.org//DTD Mapper 3.0//EN" "http://mybatis.org/dtd/mybatis-3-mapper.dtd">
<mapper namespace="com.dao.YonghuzhuceMapper">
  <resultMap id="BaseResultMap" type="com.entity.Yonghuzhuce">
    <id column="id" jdbcType="INTEGER" property="id" />
	<result column="yonghuming" jdbcType="VARCHAR" property="yonghuming" />    <result column="mima" jdbcType="VARCHAR" property="mima" />    <result column="xingming" jdbcType="VARCHAR" property="xingming" />    <result column="xingbie" jdbcType="VARCHAR" property="xingbie" />    <result column="chushengnianyue" jdbcType="VARCHAR" property="chushengnianyue" />    <result column="QQ" jdbcType="VARCHAR" property="QQ" />    <result column="youxiang" jdbcType="VARCHAR" property="youxiang" />    <result column="shouji" jdbcType="VARCHAR" property="shouji" />    <result column="shenfenzheng" jdbcType="VARCHAR" property="shenfenzheng" />    <result column="touxiang" jdbcType="VARCHAR" property="touxiang" />    <result column="dizhi" jdbcType="VARCHAR" property="dizhi" />    <result column="beizhu" jdbcType="VARCHAR" property="beizhu" />    <result column="issh" jdbcType="VARCHAR" property="issh" />    
    <result column="addtime" jdbcType="VARCHAR" property="addtime" />
  </resultMap>
  <sql id="Base_Column_List">
    id, yonghuming,mima,xingming,xingbie,chushengnianyue,QQ,youxiang,shouji,shenfenzheng,touxiang,dizhi,beizhu,issh, addtime
  </sql>
  <select id="quchongYonghuzhuce"  parameterType="java.util.Map" resultMap="BaseResultMap" >
    select 
    <include refid="Base_Column_List" />
    from yonghuzhuce 
    where yonghuming = #{yonghuming,jdbcType=VARCHAR} limit 0,1
  </select>
 <select id="getCount"   resultType="int" parameterType="java.util.Map" >
    select  count(*) from yonghuzhuce  where 1=1
    <if test="yonghuming!=null">and yonghuming like  concat('%',#{yonghuming,jdbcType=VARCHAR},'%')</if>     <if test="mima!=null">and mima like  concat('%',#{mima,jdbcType=VARCHAR},'%')</if>     <if test="xingming!=null">and xingming like  concat('%',#{xingming,jdbcType=VARCHAR},'%')</if>     <if test="xingbie!=null">and xingbie like  concat('%',#{xingbie,jdbcType=VARCHAR},'%')</if>     <if test="chushengnianyue1!=null">and chushengnianyue &gt;=  concat('',#{chushengnianyue1,jdbcType=VARCHAR},'')</if>     <if test="chushengnianyue2!=null">and chushengnianyue &lt;=  concat('',#{chushengnianyue2,jdbcType=VARCHAR},'')</if>     <if test="QQ!=null">and QQ like  concat('%',#{QQ,jdbcType=VARCHAR},'%')</if>     <if test="youxiang!=null">and youxiang like  concat('%',#{youxiang,jdbcType=VARCHAR},'%')</if>     <if test="shouji!=null">and shouji like  concat('%',#{shouji,jdbcType=VARCHAR},'%')</if>     <if test="shenfenzheng!=null">and shenfenzheng like  concat('%',#{shenfenzheng,jdbcType=VARCHAR},'%')</if>     <if test="touxiang!=null">and touxiang like  concat('%',#{touxiang,jdbcType=VARCHAR},'%')</if>     <if test="dizhi!=null">and dizhi like  concat('%',#{dizhi,jdbcType=VARCHAR},'%')</if>     <if test="beizhu!=null">and beizhu like  concat('%',#{beizhu,jdbcType=VARCHAR},'%')</if>     
  </select> 
  <select id="getAll"   resultMap="BaseResultMap" parameterType="java.util.Map" >
    select   <include refid="Base_Column_List" /> from yonghuzhuce  where 1=1
    <if test="yonghuming!=null">
    and yonghuming =#{yonghuming}
    </if>
  </select>
  
  <select id="getsyyonghuzhuce1"   resultMap="BaseResultMap" parameterType="java.util.Map" >
    select   <include refid="Base_Column_List" /> from yonghuzhuce  where 1=1
    limit 0,5
  </select>
  <select id="getsyyonghuzhuce2"   resultMap="BaseResultMap" parameterType="java.util.Map" >
    select   <include refid="Base_Column_List" /> from yonghuzhuce  where 1=1
    limit 0,5
  </select>
  <select id="getsyyonghuzhuce3"   resultMap="BaseResultMap" parameterType="java.util.Map" >
    select   <include refid="Base_Column_List" /> from yonghuzhuce  where 1=1
    limit 0,5
  </select>
  
   <select id="getByPage" parameterType="java.util.Map" resultMap="BaseResultMap">
     select  <include refid="Base_Column_List" /> 
     from yonghuzhuce where 1=1 
     <if test="yonghuming!=null">and yonghuming like  concat('%',#{yonghuming,jdbcType=VARCHAR},'%')</if>     <if test="mima!=null">and mima like  concat('%',#{mima,jdbcType=VARCHAR},'%')</if>     <if test="xingming!=null">and xingming like  concat('%',#{xingming,jdbcType=VARCHAR},'%')</if>     <if test="xingbie!=null">and xingbie like  concat('%',#{xingbie,jdbcType=VARCHAR},'%')</if>     <if test="chushengnianyue1!=null">and chushengnianyue &gt;=  concat('',#{chushengnianyue1,jdbcType=VARCHAR},'')</if>     <if test="chushengnianyue2!=null">and chushengnianyue &lt;=  concat('',#{chushengnianyue2,jdbcType=VARCHAR},'')</if>     <if test="QQ!=null">and QQ like  concat('%',#{QQ,jdbcType=VARCHAR},'%')</if>     <if test="youxiang!=null">and youxiang like  concat('%',#{youxiang,jdbcType=VARCHAR},'%')</if>     <if test="shouji!=null">and shouji like  concat('%',#{shouji,jdbcType=VARCHAR},'%')</if>     <if test="shenfenzheng!=null">and shenfenzheng like  concat('%',#{shenfenzheng,jdbcType=VARCHAR},'%')</if>     <if test="touxiang!=null">and touxiang like  concat('%',#{touxiang,jdbcType=VARCHAR},'%')</if>     <if test="dizhi!=null">and dizhi like  concat('%',#{dizhi,jdbcType=VARCHAR},'%')</if>     <if test="beizhu!=null">and beizhu like  concat('%',#{beizhu,jdbcType=VARCHAR},'%')</if>     
	 order by id desc
     <if test="pageno!=null and pageSize!=null">
     limit #{pageno},#{pageSize}
     </if>
     </select>
	 
  <select id="selectByPrimaryKey" parameterType="java.lang.Integer" resultMap="BaseResultMap">
    select 
    <include refid="Base_Column_List" />
    from yonghuzhuce
    where id = #{id,jdbcType=INTEGER}
  </select>
  <delete id="deleteByPrimaryKey" parameterType="java.lang.Integer">
    delete from yonghuzhuce
    where id = #{id,jdbcType=INTEGER}
  </delete>
  <insert id="insert" parameterType="com.entity.Yonghuzhuce">
    insert into yonghuzhuce (id, yonghuming,mima,xingming,xingbie,chushengnianyue,QQ,youxiang,shouji,shenfenzheng,touxiang,dizhi,beizhu, addtime)
    values (#{id,jdbcType=INTEGER}, #{yonghuming,jdbcType=VARCHAR},#{mima,jdbcType=VARCHAR},#{xingming,jdbcType=VARCHAR},#{xingbie,jdbcType=VARCHAR},#{chushengnianyue,jdbcType=VARCHAR},#{QQ,jdbcType=VARCHAR},#{youxiang,jdbcType=VARCHAR},#{shouji,jdbcType=VARCHAR},#{shenfenzheng,jdbcType=VARCHAR},#{touxiang,jdbcType=VARCHAR},#{dizhi,jdbcType=VARCHAR},#{beizhu,jdbcType=VARCHAR}, #{addtime,jdbcType=VARCHAR})
  </insert>
  <insert id="insertSelective" parameterType="com.entity.Yonghuzhuce">
    insert into yonghuzhuce
    <trim prefix="(" suffix=")" suffixOverrides=",">
      <if test="id != null">
        id,
      </if>
      <if test="yonghuming != null"> yonghuming, </if>      <if test="mima != null"> mima, </if>      <if test="xingming != null"> xingming, </if>      <if test="xingbie != null"> xingbie, </if>      <if test="chushengnianyue != null"> chushengnianyue, </if>      <if test="QQ != null"> QQ, </if>      <if test="youxiang != null"> youxiang, </if>      <if test="shouji != null"> shouji, </if>      <if test="shenfenzheng != null"> shenfenzheng, </if>      <if test="touxiang != null"> touxiang, </if>      <if test="dizhi != null"> dizhi, </if>      <if test="beizhu != null"> beizhu, </if>      
      <if test="addtime != null">
        addtime,
      </if>
      
    </trim>
    <trim prefix="values (" suffix=")" suffixOverrides=",">
      <if test="id != null">
        #{id,jdbcType=INTEGER},
      </if>
      <if test="yonghuming != null"> #{yonghuming,jdbcType=VARCHAR},</if>      <if test="mima != null"> #{mima,jdbcType=VARCHAR},</if>      <if test="xingming != null"> #{xingming,jdbcType=VARCHAR},</if>      <if test="xingbie != null"> #{xingbie,jdbcType=VARCHAR},</if>      <if test="chushengnianyue != null"> #{chushengnianyue,jdbcType=VARCHAR},</if>      <if test="QQ != null"> #{QQ,jdbcType=VARCHAR},</if>      <if test="youxiang != null"> #{youxiang,jdbcType=VARCHAR},</if>      <if test="shouji != null"> #{shouji,jdbcType=VARCHAR},</if>      <if test="shenfenzheng != null"> #{shenfenzheng,jdbcType=VARCHAR},</if>      <if test="touxiang != null"> #{touxiang,jdbcType=VARCHAR},</if>      <if test="dizhi != null"> #{dizhi,jdbcType=VARCHAR},</if>      <if test="beizhu != null"> #{beizhu,jdbcType=VARCHAR},</if>      
      <if test="addtime != null">
        #{addtime,jdbcType=VARCHAR},
      </if>
      
    </trim>
  </insert>
  <update id="updateByPrimaryKeySelective" parameterType="com.entity.Yonghuzhuce">
    update yonghuzhuce
    <set>
	  <if test="yonghuming != null"> yonghuming = #{yonghuming,jdbcType=VARCHAR},</if>      <if test="mima != null"> mima = #{mima,jdbcType=VARCHAR},</if>      <if test="xingming != null"> xingming = #{xingming,jdbcType=VARCHAR},</if>      <if test="xingbie != null"> xingbie = #{xingbie,jdbcType=VARCHAR},</if>      <if test="chushengnianyue != null"> chushengnianyue = #{chushengnianyue,jdbcType=VARCHAR},</if>      <if test="QQ != null"> QQ = #{QQ,jdbcType=VARCHAR},</if>      <if test="youxiang != null"> youxiang = #{youxiang,jdbcType=VARCHAR},</if>      <if test="shouji != null"> shouji = #{shouji,jdbcType=VARCHAR},</if>      <if test="shenfenzheng != null"> shenfenzheng = #{shenfenzheng,jdbcType=VARCHAR},</if>      <if test="touxiang != null"> touxiang = #{touxiang,jdbcType=VARCHAR},</if>      <if test="dizhi != null"> dizhi = #{dizhi,jdbcType=VARCHAR},</if>      <if test="beizhu != null"> beizhu = #{beizhu,jdbcType=VARCHAR},</if>      
      <if test="addtime != null">
        addtime = #{addtime,jdbcType=VARCHAR},
      </if>
    </set>
    where id = #{id,jdbcType=INTEGER}
  </update>
  
  
  
  <update id="updateByPrimaryKey" parameterType="com.entity.Yonghuzhuce">
    update yonghuzhuce
    set yonghuming = #{yonghuming,jdbcType=VARCHAR},mima = #{mima,jdbcType=VARCHAR},xingming = #{xingming,jdbcType=VARCHAR},xingbie = #{xingbie,jdbcType=VARCHAR},chushengnianyue = #{chushengnianyue,jdbcType=VARCHAR},QQ = #{QQ,jdbcType=VARCHAR},youxiang = #{youxiang,jdbcType=VARCHAR},shouji = #{shouji,jdbcType=VARCHAR},shenfenzheng = #{shenfenzheng,jdbcType=VARCHAR},touxiang = #{touxiang,jdbcType=VARCHAR},dizhi = #{dizhi,jdbcType=VARCHAR},beizhu = #{beizhu,jdbcType=VARCHAR},  addtime = #{addtime,jdbcType=VARCHAR} where id = #{id,jdbcType=INTEGER}
  </update>
  
  
  
  
  
  
  
   <insert id="testINSERT" parameterType="java.lang.Integer">
    insert into Test values(#{number},"h")
  </insert>
  <insert id="addVideo" parameterType="java.lang.String">
    insert into shipin values(null,#{count})
  </insert>
  <insert id="addVideo2" parameterType="java.lang.String">
    insert into shuoming values(null,#{shuoming})
  </insert>
  
<select id="findVideo" resultType="String" >
select url from shipin 
</select>
<select id="findShuoming" resultType="String" >
select des from shuoming
</select>
</mapper>
