﻿<?xml version="1.0" encoding="UTF-8" ?>
<!DOCTYPE configuration
PUBLIC "-//mybatis.org//DTD Config 3.0//EN"
"http://mybatis.org/dtd/mybatis-3-config.dtd">
<configuration> 
    <!-- 全局setting配置，根据需要添加 -->

    <settings>
        <setting name="cacheEnabled" value="true" />
        <setting name="lazyLoadingEnabled" value="true" />
        <setting name="multipleResultSetsEnabled" value="true" />
        <setting name="useColumnLabel" value="true" />
        <setting name="defaultExecutorType" value="REUSE" />
        <!-- 默认全局超时都设置成30秒 -->
        <setting name="defaultStatementTimeout" value="60"/>
        <!-- 打印查询语句 -->
        <setting name="logImpl" value="STDOUT_LOGGING" />
    </settings>

    <!-- 配置别名 -->
    <typeAliases>
        <!-- 批量扫描别名 -->
        <package name="com.chengxusheji.po"/>
    </typeAliases>

    <!-- 配置mapper
    由于使用spring和mybatis的整合包进行mapper扫描，这里不需要配置了。
    必须遵循：mapper.xml和mapper.java文件同名且在一个目录 
     -->

    <!-- <mappers>

    </mappers> -->


</configuration>