﻿<?xml version="1.0" encoding="UTF-8"?>
<beans xmlns="http://www.springframework.org/schema/beans" xmlns:xsi="http://www.w3.org/2001/XMLSchema-instance"
	xmlns:context="http://www.springframework.org/schema/context" xmlns:util="http://www.springframework.org/schema/util"  
	xmlns:jee="http://www.springframework.org/schema/jee" xmlns:tx="http://www.springframework.org/schema/tx"
	xmlns:jpa="http://www.springframework.org/schema/data/jpa" xmlns:mvc="http://www.springframework.org/schema/mvc"
	xsi:schemaLocation="
		http://www.springframework.org/schema/beans http://www.springframework.org/schema/beans/spring-beans-3.2.xsd
		http://www.springframework.org/schema/context http://www.springframework.org/schema/context/spring-context-3.2.xsd
		http://www.springframework.org/schema/util http://www.springframework.org/schema/util/spring-util-3.2.xsd
		http://www.springframework.org/schema/jee http://www.springframework.org/schema/jee/spring-jee-3.2.xsd
		http://www.springframework.org/schema/tx http://www.springframework.org/schema/tx/spring-tx-3.2.xsd
		http://www.springframework.org/schema/data/jpa http://www.springframework.org/schema/data/jpa/spring-jpa-1.3.xsd
		http://www.springframework.org/schema/mvc http://www.springframework.org/schema/mvc/spring-mvc-3.2.xsd">
<!-- 加载mysql配置文件 -->
<util:properties id="dbcp" location="classpath:config.properties"/>
<!-- 数据源，可以是dbcp，c3p0，或其他的，以dbcp为例 -->
<bean id="dataSource" class="org.apache.commons.dbcp.BasicDataSource">
	<property name="driverClassName" value="#{dbcp.driverClassName}"/>
	<property name="url" value="#{dbcp.url}"/>
	<!-- ?useUnicode=true&amp;characterEncoding=utf8 -->
	<property name="username" value="#{dbcp.username}"/>
	<property name="password" value="#{dbcp.password}"/>
	<property name="maxActive" value="#{dbcp.maxActive}"/>
	<property name="maxWait" value="#{dbcp.maxWait}"/>
</bean>
<!-- 创建sqlSession -->
<bean id="sqlSessionFactory" class="org.mybatis.spring.SqlSessionFactoryBean">
	<property name="dataSource" ref="dataSource"/>
	<property name="mapperLocations" value="classpath:mapper/*.xml"/>
</bean>
<!-- 扫描dao包，转换成映射 -->
<bean id="mapperScanner" class="org.mybatis.spring.mapper.MapperScannerConfigurer">
	<property name="basePackage" value="com.tyust.dao,com.tyust.admin.dao"/>
</bean>

<!-- spring-mybatis.xml -->
	<!-- 创建事务管理器Bean -->
	<bean id="txMgr" class="org.springframework.jdbc.datasource.DataSourceTransactionManager">
		<!-- 事务管理器必须注入 dataSource 对象 -->
		<property name="dataSource" ref="dataSource" />
	</bean>
	<!-- 开启事务注解支持，可以使用注解管理事务-->
	<!-- 必须注入 事务管理器对象 -->
	<tx:annotation-driven transaction-manager="txMgr"/>
</beans>