<?xml version="1.0" encoding="UTF-8"?>
<!DOCTYPE generatorConfiguration
        PUBLIC "-//mybatis.org//DTD MyBatis Generator Configuration 1.0//EN"
        "http://mybatis.org/dtd/mybatis-generator-config_1_0.dtd">

<generatorConfiguration>
	<context id="generator_1.0_debug" targetRuntime="MyBatis3">

		<property name="javaFileEncoding" value="UTF-8" />

		<commentGenerator>
			<property name="suppressAllComments" value="true" />
			<property name="suppressDate" value="true" />
		</commentGenerator>

		<jdbcConnection driverClass="com.mysql.jdbc.Driver"
			connectionURL="jdbc:mysql://127.0.0.1:3306/intelligent_travel?characterEncoding=UTF-8"
			userId="root" password="root" />

		<javaTypeResolver>
			<property name="forceBigDecimals" value="false" />
		</javaTypeResolver>
		<!-- 生成模型的包名和位置 -->
		<javaModelGenerator
			targetPackage="org.bianjinling.intelligentTravel.entity" targetProject="demo/src/main/java">
			<property name="enableSubPackages" value="true" />
			<property name="trimStrings" value="true" />
		</javaModelGenerator>
		<!-- 生成映射文件的包名和位置 -->
		<sqlMapGenerator targetPackage="mapper"
			targetProject="demo/src/main/resources">
			<property name="enableSubPackages" value="true" />
		</sqlMapGenerator>
		<!-- 生成DAO的包名和位置 -->
		<javaClientGenerator type="XMLMAPPER"
			targetPackage="org.bianjinling.intelligentTravel.mapper" targetProject="demo/src/main/java">
			<property name="enableSubPackages" value="true" />
		</javaClientGenerator>

		<!-- 要生成的表 tableName是数据库中的表名或视图名 domainObjectName是实体类名 -->
		<table tableName="t_user" domainObjectName="User"
			enableCountByExample="false" enableUpdateByExample="false"
			enableDeleteByExample="false" enableSelectByExample="false"
			selectByExampleQueryId="false">
			<!-- 如果需要自增id就把下面的注释打开，column指向对应的主键 -->
			<!--<generatedKey column="member_id" sqlStatement="MySql" identity="true"/>-->
		</table>
		<table tableName="t_travel_note" domainObjectName="TravelNote"
			enableCountByExample="false" enableUpdateByExample="false"
			enableDeleteByExample="false" enableSelectByExample="false"
			selectByExampleQueryId="false">
			<!-- 如果需要自增id就把下面的注释打开，column指向对应的主键 -->
			<!--<generatedKey column="member_id" sqlStatement="MySql" identity="true"/>-->
		</table>
		<table tableName="t_attraction" domainObjectName="Attraction"
			enableCountByExample="false" enableUpdateByExample="false"
			enableDeleteByExample="false" enableSelectByExample="false"
			selectByExampleQueryId="false">
			<!-- 如果需要自增id就把下面的注释打开，column指向对应的主键 -->
			<!--<generatedKey column="member_id" sqlStatement="MySql" identity="true"/>-->
		</table>

	</context>
</generatorConfiguration>